{
	"id": "c9c2e2147e5c00b9994074587c31e25a",
	"_format": "hh-sol-build-info-1",
	"solcVersion": "0.6.12",
	"solcLongVersion": "0.6.12+commit.27d51765",
	"input": {
		"language": "Solidity",
		"sources": {
			"NOTAS/notas.sol": {
				"content": "//SPDX-License-Identifier: MIT\r\npragma solidity >=0.4.4 <0.7.0;\r\npragma experimental ABIEncoderV2;\r\n\r\n"
			}
		},
		"settings": {
			"optimizer": {
				"enabled": false,
				"runs": 200
			},
			"outputSelection": {
				"*": {
					"": [
						"ast"
					],
					"*": [
						"abi",
						"metadata",
						"devdoc",
						"userdoc",
						"storageLayout",
						"evm.legacyAssembly",
						"evm.bytecode",
						"evm.deployedBytecode",
						"evm.methodIdentifiers",
						"evm.gasEstimates",
						"evm.assembly"
					]
				}
			}
		}
	},
	"output": {
		"sources": {
			"NOTAS/notas.sol": {
				"ast": {
					"absolutePath": "NOTAS/notas.sol",
					"exportedSymbols": {},
					"id": 3,
					"license": "MIT",
					"nodeType": "SourceUnit",
					"nodes": [
						{
							"id": 1,
							"literals": [
								"solidity",
								">=",
								"0.4",
								".4",
								"<",
								"0.7",
								".0"
							],
							"nodeType": "PragmaDirective",
							"src": "32:31:0"
						},
						{
							"id": 2,
							"literals": [
								"experimental",
								"ABIEncoderV2"
							],
							"nodeType": "PragmaDirective",
							"src": "65:33:0"
						}
					],
					"src": "32:70:0"
				},
				"id": 0
			}
		}
	}
}